;Name of File;;
0;DataTest1.png;;AD7034OE
1;DataTest2.png;;A9388EX
2;DataTest3.png;;B16TB
3;DataTest4.png;;B3663TKZ
4;DataTest5.png;;AD3772ABE
5;DataTest6.png;;B27HV
6;DataTest7.png;;BXD64TFR
7;DataTest8.png;;B1ETJW
8;DataTest9.png;;1270RFD
9;DataTest10.png;;B1736BYH
10;DataTest11.png;;B1627BIE
11;DataTest12.png;;B1678WZM
12;DataTest13.png;;AD9313SS
13;DataTest14.png;;B10BGUL
14;DataTest15.png;;B18O1TZS
15;DataTest16.png;;B1474TJS
16;DataTest17.png;;Y17PU
17;DataTest18.png;;B1260TZT
18;DataTest19.png;;B1376TJO
19;DataTest20.png;;BQO
20;DataTest21.png;;AB
21;DataTest22.png;;B1236PZN
22;DataTest23.png;;AB8644PK
23;DataTest24.png;;B1JKT
24;DataTest25.png;;AA70R4ODD
25;DataTest26.png;;B1131EKG
26;DataTest27.png;;B1037UH
27;DataTest28.png;;B1QB6UL
28;DataTest29.png;;8820CB
29;DataTest30.png;;A9192ZM
30;DataTest31.png;;B9120KXT
31;DataTest32.png;;B1643TRO
32;DataTest33.png;;B1390TJU
33;DataTest34.png;;BZ8BZV
34;DataTest35.png;;1860CEF
35;DataTest36.png;;A8749FS
36;DataTest37.png;;B1566FON
37;DataTest38.png;;B1063SJQ
38;DataTest39.png;;B1254TFX
39;DataTest40.png;;JCY
40;DataTest41.png;;AB4923UH
41;DataTest42.png;;B1509UN
42;DataTest43.png;;B3SZ7TLP
43;DataTest44.png;;RAXZTW
44;DataTest45.png;;N1NZ61N
45;DataTest46.png;;B1724PYW
46;DataTest47.png;;B1102SYV
47;DataTest48.png;;AD7034OE
48;DataTest49.png;;AB4352CX
49;DataTest50.png;;B1895EJB
50;DataTest51.png;;B1786UJT
51;DataTest52.png;;B1549RFS
52;DataTest53.png;;B1869EOF
53;DataTest54.png;;B1713VX
54;DataTest55.png;;B1063SPV
55;DataTest56.png;;B3663TKZ
56;DataTest57.png;;A8DD4VA
57;DataTest58.png;;B1874YU
58;DataTest59.png;;B1820
59;DataTest60.png;;B1422BK
60;DataTest61.png;;AB5278XA
61;DataTest62.png;;AD418U
62;DataTest63.png;;B3357Y
63;DataTest64.png;;B1233RFD
64;DataTest65.png;;B1037NI
65;DataTest66.png;;AD99JR
66;DataTest67.png;;B1683SEY
67;DataTest68.png;;AA70040F
68;DataTest69.png;;B1241SSW
69;DataTest70.png;;T162
70;DataTest71.png;;B1907ELR
71;DataTest72.png;;B1815TJD
72;DataTest73.png;;B1734UJN
73;DataTest74.png;;B1743EYF
74;DataTest75.png;;B1075DO
75;DataTest76.png;;AB2933IN
76;DataTest77.png;;B152BTJT
77;DataTest78.png;;B1157SSL
78;DataTest79.png;;B1713VX
79;DataTest80.png;;B1B61TJS
80;DataTest81.png;;A9388EX
81;DataTest82.png;;B1532NKY
82;DataTest83.png;;B180DUYU
83;DataTest84.png;;B1411TVE
84;DataTest85.png;;AB3787KE
85;DataTest86.png;;B1338RFD
86;DataTest87.png;;BX903RFD
87;DataTest88.png;;ABZ958OH
88;DataTest89.png;;ADT418U
89;DataTest90.png;;B1885TLP
90;DataTest91.png;;B1634SSN
91;DataTest92.png;;B164SSN
92;DataTest93.png;;B1726UUA
93;DataTest94.png;;B1820TJV
94;DataTest95.png;;81619UR8
95;DataTest96.png;;B128
96;DataTest97.png;;AB8644PK
97;DataTest98.png;;A97N8EG
98;DataTest99.png;;BX5D9U
99;DataTest100.png;;B1408RX
